Id,screenname,userid,user_type,followers,description,active_status,since_id,count,last_access,last_status_desc,max_id,photo
162,oxfamgb,NULL,Indepedent,100648,Charities,0,423752529256914944,8822,2014-05-26 14:36:53,success,381371578216611840,NULL
163,globalactplan,NULL,Political,7105,Charities,0,423784896033988608,5405,2014-06-02 13:51:51,success,100562198996336640,NULL
164,GreenpeaceUK,NULL,Political,75823,Charities,0,423478074966306816,9514,2014-05-26 14:08:10,success,325647307674615808,NULL
165,climatesavers,NULL,Independent,73711,Charities,0,411496430822772736,1000,2014-06-02 11:41:17,success,10011115132026880,NULL
166,wwwfoecouk,NULL,Political,80529,Charities,0,423735751097192448,8951,2014-05-26 13:36:30,success,302084940449865729,NULL
167,algore,NULL,Political,2701525,Politics,0,423493043732623360,2798,2014-06-02 11:36:13,success,100642648515284992,NULL
168,EPA,NULL,Political,173857,Politics,0,423532277499318272,6342,2014-05-26 13:28:05,success,100570647943589890,NULL
169,DECCgovuk,NULL,Political,51715,Politics,0,423742053508714496,3197,2014-05-26 14:14:01,success,100896616764030977,NULL
170,the_ecologist,NULL,Blog,70858,News,0,423769679745015808,6160,2014-05-26 13:31:28,success,100521274102657024,NULL
171,James_BG,NULL,News,13858,News,0,423517628112842752,10640,2014-06-02 13:00:32,success,374847916772294658,NULL
172,dotearth,NULL,Blog,32336,News,0,423541557766008832,3009,2014-05-26 14:44:02,success,100646864172494848,NULL
173,climatedesk,NULL,Blog,39383,News,0,423569980831969281,7896,2014-06-02 12:07:43,success,319536957107613696,NULL
174,climateprogress,NULL,Independent,59968,Blogger,0,423605638283808769,11160,2014-06-02 13:38:20,success,341978872021143552,NULL
175,grist,NULL,News,136782,Blogger,0,423726092713992192,13819,2014-05-26 14:46:34,success,380878718211981312,NULL
176,TreeHugger,NULL,Indepedent,261263,Blogger,0,423601406486904832,9952,2014-06-02 11:52:21,success,339827538446647296,NULL
177,GreenLeapFwd,NULL,Political,3558,Blogger,0,420744701738618880,1399,2014-06-02 13:39:21,success,108284508687704066,NULL
178,kate_sheppard,NULL,News,49873,Blogger,0,423667120363155456,10283,2014-06-02 12:06:22,success,334068829623812098,NULL
179,EricPooley,NULL,Political,5178,Campaigner,0,423612395421175809,3211,2014-05-26 14:09:14,success,103779062685769728,NULL
180,billmckibben,NULL,Environmentalist,107385,Campaigner,0,423614785536950272,6882,2014-06-02 11:23:20,success,292681888810803200,NULL
181,kgrandia,NULL,Independent,12449,Campaigner,0,423649851524411393,7029,2014-06-02 11:51:17,success,103850502206406656,NULL
182,SCCcoalition,NULL,Political,12136,Campaign groups,0,423769626989039616,7477,2014-06-02 11:44:32,success,100586431784812546,NULL
183,350,NULL,Independent,165586,Campaign groups,0,423720163733954560,12135,2014-05-26 15:03:44,success,335396798225055744,NULL
184,1010,NULL,Independent,16097,Campaign groups,0,423735633228476417,5819,2014-05-26 13:49:36,success,100512505733976064,NULL
185,tcktcktck,NULL,Blog,31084,Campaign groups,0,423509388410626049,6854,2014-05-26 14:42:22,success,194538687118315522,NULL
186,energyaction,NULL,Political,25471,Campaign groups,0,423538551406346240,3608,2014-06-02 13:49:16,success,198470640758571009,NULL
187,ClimateGroup,NULL,Indendent,46440,Campaign groups,0,423503757973151744,6759,2014-06-02 14:04:24,success,346940162120499202,NULL
188,peopleandplanet,NULL,Independent,10725,Campaign groups,0,423514925290754048,4270,2014-06-02 13:10:47,success,324173157038698497,NULL
189,the_daily_green,NULL,Blog,53657,Carbon-cutting,0,422022191832510464,1200,2014-06-02 13:42:22,success,100557730414202880,NULL
190,energysvgtrust,NULL,Political,26740,Carbon-cutting,0,423761916138631168,4206,2014-06-02 11:58:54,success,100487737886523392,NULL
191,Dothegreenthing,NULL,Blog,57618,Carbon-cutting,0,423556563090284544,6295,2014-06-02 11:25:37,success,295871960477491200,NULL
192,earthinstitute,NULL,Researcher,58843,Climate scientist,0,423558195433730048,5811,2014-05-26 13:26:45,success,100554967219310594,NULL
193,metoffice,NULL,Political,174041,Climate scientist,0,423755194036654080,12774,2014-05-26 14:43:55,success,406877337557667840,NULL
194,ClimateCentral,NULL,Independent,9846,Climate scientist,0,423629534479785984,7085,2014-05-26 14:35:47,success,310120585801895936,NULL
195,unep,NULL,Political,156735,UN Environment,0,423770881656377344,8312,2014-05-26 14:31:37,success,145061990308651008,NULL
196,worldresources,NULL,Blog,64421,Research organization,0,423632390620467200,8700,2014-06-02 12:33:11,success,275672835983286274,NULL
197,UN_ClimateTalks,NULL,Political,69721,United Nations Framework Convention on Climate Change,0,423771381633794048,8358,2014-06-02 11:33:51,success,222773242379767808,NULL
198,guardianeco,NULL,News,195813,News,0,423727582148698112,10586,2014-06-02 12:45:38,success,334608311259373568,NULL
199,EarthVitalSigns,NULL,Researcher,83407,NASA,0,423200681638391808,1402,2014-06-02 12:50:00,success,101334655613157377,NULL
200,pcanfin,NULL,Political,15694,Politics,0,423483367259373569,3321,2014-05-26 14:39:30,success,113559082664857600,NULL
201,pwatkinson,NULL,Political,1542,Politics,0,423573150837010432,3233,2014-05-26 14:29:02,success,10203083111931904,NULL
202,LDCChairUNFCCC,NULL,Political,1338,Politics,0,422978856065048576,339,2014-05-26 15:05:40,success,183166566765043712,NULL
203,ClimateCorridor,NULL,Independent,768,Politics,0,405750265422553088,414,2014-05-26 13:53:53,success,270847593637089280,NULL
204,cop_in_paris,NULL,Independent,195,Research ,0,410565151549845504,409,2014-06-02 13:41:10,success,268345581930442752,NULL
205,FAOnews,NULL,News,102192,Food and Agriculture Organization of the United Nations,0,423757518306025472,9291,2014-06-02 11:20:47,success,307513488891338752,NULL
206,wbclimatechange,NULL,Political,16889,World Bank,0,423769214567342080,9424,2014-06-02 11:42:03,success,10039489488,NULL
207,tveitdal,NULL,Political,91312,Environment/Politics,0,423713478625349632,7710,2014-06-02 14:04:41,success,307676500080074752,NULL
208,CFigueres,NULL,Political,24446,UNFCCC,0,423768711535673345,6280,2014-06-02 12:24:09,success,105579480759795712,NULL
209,cgiarclimate,NULL,Researcher,12101,Research,0,423770401534398464,8492,2014-06-02 13:06:32,success,313788958641356800,NULL
210,connect4climate,NULL,News,109165,Campaign groups,0,423697392991760384,11485,2014-05-26 15:11:56,success,322736860445167619,NULL
214,GlobalGrind,NULL,Independent,0,NULL,0,423771665173315584,17514,2014-05-26 14:10:28,success,405087269054586880,NULL
215,davidaxelrod,NULL,Political,0,NULL,0,423307711501967363,3229,2014-05-26 13:24:32,success,105639236128092160,NULL
217,nature_org,NULL,Independent,0,NULL,0,423551902740000770,8458,2014-06-02 11:12:13,success,235118812834430976,NULL
218,HuffPostGreen,NULL,News,0,NULL,0,423776673226846208,18899,2014-05-26 14:06:15,success,399247548567011328,NULL
220,NRDC,NULL,Political,0,NULL,0,423661268571279360,11951,2014-05-26 14:23:46,success,350242230973378560,NULL
221,NASA_EO,NULL,Political,0,NULL,0,423696256331182080,7892,2014-05-26 14:45:49,success,232531291290075136,NULL
225,EnvDefenseFund,NULL,Political,0,NULL,0,423635753265278976,10094,2014-05-26 13:34:37,success,119388805672349696,NULL
226,EPAresearch,NULL,Researcher,0,NULL,0,423560942337941505,7275,2014-05-26 14:05:31,success,301753351790534656,NULL
227,ClimateSaudi,NULL,Independent,0,NULL,0,422930794953605120,1517,2014-06-02 14:03:17,success,165497338264162304,NULL
228,EnergyCollectiv,NULL,News,0,NULL,0,423759474700976128,9562,2014-06-02 14:00:23,success,380695417220268032,NULL
229,RAN,NULL,Independent,0,NULL,0,423601741679304705,9137,2014-06-02 12:59:24,success,136209306788954113,NULL
231,350action,NULL,Independent,0,NULL,0,398463566577414144,1198,2014-05-26 13:31:27,success,100979649298972672,NULL
232,climateapps,NULL,Independent,0,NULL,0,228436318865211392,800,2014-06-02 13:51:31,success,101267417103208448,NULL
233,c40cities,NULL,Indendent,0,NULL,0,423533662236188674,4189,2014-06-02 12:00:25,success,101738689507508225,NULL
235,AtmosNews,NULL,News,0,NULL,0,423548011386396672,4416,2014-06-02 12:45:12,success,101009853400616960,NULL
236,DeSmogBlog,NULL,Blog,0,NULL,0,423475920427438080,4007,2014-06-02 13:16:23,success,101038311602266114,NULL
237,Climate_Bill,NULL,Political,0,NULL,0,307307927843246080,452,2014-05-26 13:55:00,success,10388204042,NULL
238,PeterGleick,NULL,Researcher,0,NULL,0,423674560957804544,6688,2014-06-02 11:52:33,success,273956686027452419,NULL
239,WMOnews,NULL,News,0,NULL,0,423502370266308608,6003,2014-06-02 12:30:47,success,101310723283628033,NULL
240,wattsupwiththat,NULL,Independent,0,NULL,0,423726828570701824,11148,2014-06-02 13:10:01,success,326010190711369729,NULL
241,GreenLiberation,NULL,Political,0,NULL,0,423679165536411648,12941,2014-05-26 13:52:45,success,402092761790169089,NULL
242,NobleIdeas,NULL,Independent,0,NULL,0,423676600626860032,7467,2014-05-26 13:46:48,success,284069908562731008,NULL
243,PointCarbonNews,NULL,News,0,NULL,0,423611517654020096,5405,2014-06-02 11:28:27,success,100560281708670976,NULL
244,stopglobalwarm,NULL,Blog,0,NULL,0,423131037661532160,1072,2014-05-26 14:49:02,success,103188510453923840,NULL
245,Reportingclimat,NULL,News,0,NULL,0,423673703839588352,11897,2014-05-26 15:01:24,success,10020966843289600,NULL
246,GlobalWarming36,NULL,News,0,NULL,0,423720981148864512,14775,2014-05-26 15:20:14,success,356561012952014850,NULL
247,alannogee,NULL,Scientist,0,NULL,0,423633482624294912,8331,2014-06-02 12:47:03,success,331186287748993024,NULL
248,KHayhoe,NULL,Researcher,0,NULL,0,421473586730110976,1599,2014-06-02 12:19:43,success,100917933743669250,NULL
249,Agent350,NULL,Independent,0,NULL,0,423571283284987905,9752,2014-05-26 14:25:48,success,265848718891315200,NULL
250,NASAGlory,NULL,Political,0,NULL,0,56448562090876928,338,2014-05-26 13:25:53,success,10036260173250562,NULL
251,HeidiCullen,NULL,Political,0,NULL,0,423268250684649473,3404,2014-05-26 13:41:13,success,103556570062921728,NULL
252,EmersonClimate,NULL,Independent,0,NULL,0,423616887042629632,8644,2014-06-02 12:03:02,success,100551869662904320,NULL
253,RisingTideNA,NULL,Independent,0,NULL,0,423523180826071041,5230,2014-05-26 13:29:18,success,251075193206865920,NULL
254,LFFriedman,NULL,News,0,NULL,0,423685971876782080,9591,2014-05-26 15:19:51,success,259989918477078528,NULL
255,LeoHickman,NULL,Political,0,NULL,0,423734929684307968,9176,2014-05-26 13:20:53,active,345305025284816896,NULL
256,afreedma,NULL,News,0,NULL,0,421845973951066113,3219,2014-05-26 14:01:29,success,306215072215216129,NULL
257,ForecastFacts,NULL,Blog,0,NULL,0,423669778897981440,10581,2014-05-26 14:56:22,success,160283875367596033,NULL
258,citizensclimate,NULL,Political,0,NULL,0,423590583245234176,10298,2014-05-26 13:39:19,success,321600886461849600,NULL
259,ClimateTweet,NULL,News,0,NULL,0,85505501818920960,539,2014-05-26 14:10:35,success,10165415447633920,NULL
260,carbonmeme,NULL,Independent,0,NULL,0,423784229382524928,12827,2014-05-26 13:50:53,success,321836281757827072,NULL
261,KenCaldeira,NULL,Political,0,NULL,0,423644044699238400,2335,2014-05-26 14:23:58,success,100586653478957056,NULL
262,DaveCBenoit,NULL,Independent,0,NULL,0,423560367441059840,5072,2014-06-02 12:34:01,success,129999832470388736,NULL
263,C2ES_org,NULL,independent,0,NULL,0,423499043986505729,5216,2014-06-02 12:05:45,success,100987369460727808,NULL
264,jschmidtnrdc,NULL,Political,0,NULL,0,423629156149391360,4226,2014-05-26 15:13:26,success,100577722270617601,NULL
265,Global__Warming,NULL,Independent,0,NULL,0,423515414069800960,4045,2014-06-02 13:00:53,success,283808658800930816,NULL
266,codeclimate,NULL,Political,0,NULL,0,423570821207326720,6505,2014-05-26 15:20:10,success,110912519513702402,NULL
267,alertnetclimate,NULL,News,0,NULL,0,423565423041609730,7148,2014-06-02 12:27:16,success,262894832199016448,NULL
268,ret_ward,NULL,Political,0,NULL,1,423750720643280897,6268,2014-05-26 13:15:00,active,209729379025174528,NULL
269,AfricaClimate,NULL,Independent,0,NULL,0,423151678439706624,4973,2014-06-02 12:48:19,success,380900345356222464,NULL
270,richardabetts,NULL,Researcher,0,NULL,0,423740506242154496,5454,2014-05-26 15:15:30,success,292049723370651648,NULL
271,climatesociety,NULL,Independent,0,NULL,0,423502220080852992,5211,2014-06-02 13:53:35,success,100568590847188993,NULL
272,PublicCitizenTX,NULL,Independent,0,NULL,0,423503043535974400,1404,2014-06-02 13:31:15,success,10022974358822913,NULL
273,Ecotwiters,NULL,Blog,0,NULL,0,412601886886600704,789,2014-05-26 15:05:12,success,100653301095350272,NULL
274,ClimateOfGavin,NULL,Independent,0,NULL,0,423584424895078400,5853,2014-06-02 12:19:16,success,292034835172687873,NULL
275,DanJWeiss,NULL,Researcher,0,NULL,0,423730696968884225,10828,2014-05-26 13:53:56,success,253885534009696256,NULL
276,EnvironmentIL,NULL,Political,0,NULL,0,423233919828627456,1197,2014-06-02 13:28:34,success,10489271592947713,NULL
277,EarthHourIndia,NULL,Blog,0,NULL,0,331740910494834688,1595,2014-05-26 13:24:21,active,100437578523754497,NULL
278,clim8connection,NULL,Independent,0,NULL,0,253103389964128256,2790,2014-05-26 14:37:08,success,100281154237763584,NULL
279,ClimateNL,NULL,News,0,NULL,0,423427026813730816,4410,2014-06-02 14:03:50,success,101559044845740032,NULL
280,Climate_Action_,NULL,Independent,0,NULL,0,422781903985319936,2200,2014-06-02 11:35:30,success,100937517339115520,NULL
281,Climate_Rescue,NULL,Independent,0,NULL,0,423727726412201984,5088,2014-06-02 13:49:13,success,200605801495269376,NULL
282,uscan,NULL,Independent,0,NULL,0,423560332909748225,5217,2014-05-26 14:39:13,success,100625360101720066,NULL
283,BumiTerluka,NULL,Independent,0,NULL,0,390415099640311808,84,2014-05-26 13:55:03,success,390116631117971457,NULL
284,Glbal_Warming,NULL,Blog,0,NULL,0,875147297,187,2014-05-26 14:16:41,success,833532726,NULL
285,NASA_NCCS,NULL,Political,0,NULL,0,423505820043583488,2873,2014-05-26 14:58:43,success,100314166925082624,NULL
286,alexlockwood,NULL,Blogger,0,NULL,0,423755385833816064,2405,2014-06-02 11:32:09,success,100124760075288576,NULL
287,JPvanYpersele,NULL,Political,0,NULL,0,423707616087658496,7968,2014-05-26 14:11:02,success,320494521077084161,NULL
288,EnergyClimateDE,NULL,Political,0,NULL,0,423558700167868416,7079,2014-05-26 13:19:42,active,342250329775165440,NULL
289,gogreen_id,NULL,Independent,0,NULL,0,412996012924350464,1200,2014-05-26 14:20:59,success,10009100729458688,NULL
290,ChiClimateCycle,NULL,Independent,0,NULL,0,423605673944182784,4611,2014-06-02 12:01:38,success,102096794468630529,NULL
291,GlobalWarmHoax,NULL,Skeptic,0,NULL,0,9173043912,245,2014-05-26 14:40:34,success,5307781605,NULL
292,Carbongate,NULL,Skeptic,0,NULL,0,423591413154975744,7539,2014-06-02 11:26:30,success,398863203163074560,NULL
293,globalwarmingt,NULL,News,0,NULL,0,423772501358161920,4166,2014-05-26 14:22:20,success,214462654805315586,NULL
294,climate_politix,NULL,Political,0,NULL,0,423670079943745536,9481,2014-05-26 13:35:16,success,145345590073638913,NULL
295,ClimateTimes,NULL,News,0,NULL,0,423489301960077312,1802,2014-05-26 14:51:25,success,313457053395992576,NULL
296,climate_rev,NULL,Independent,0,NULL,0,423785417054232576,4318,2014-06-02 12:47:34,success,284647935319371777,NULL
297,ClimateGuru,NULL,Blog,0,NULL,0,423661977337360384,3421,2014-05-26 15:19:58,success,101506688661721088,NULL
298,ICESCAPE2010,NULL,Political,0,NULL,0,27154371267534848,67,2014-05-26 14:26:55,success,15760132788,NULL
299,NewsClimate,NULL,News,0,NULL,0,423690922098819072,14148,2014-05-26 14:49:38,success,343750629614825473,NULL
300,climate__change,NULL,Independent,0,NULL,0,22698867003,976,2014-05-26 14:50:59,success,10019802725,NULL
301,1GlobalWarming,NULL,Blogger,0,NULL,0,12913544019,553,2014-05-26 15:01:06,success,10000059487,NULL
302,greens_climate,NULL,Independent,0,NULL,0,423468340741296129,3207,2014-05-26 15:18:50,success,108082892067966976,NULL
303,climatestrat,NULL,Independent,0,NULL,0,403821431915417600,425,2014-06-02 12:22:25,success,10345653855059968,NULL
304,EDFtx,NULL,Political,0,NULL,0,423627462153879552,6818,2014-05-26 14:11:34,success,100944805206556672,NULL
305,_Save_the_earth,NULL,Blog,0,NULL,0,222948710684954625,351,2014-05-26 15:05:04,success,222948710684954625,NULL
306,ThePlanetEarth,NULL,Blog,0,NULL,0,423756796822843392,4872,2014-05-26 15:22:16,check please,10716243821,NULL
307,globalwarm360,NULL,Independent,0,NULL,0,423063832701841408,406,2014-05-26 13:36:34,success,102211110379339776,NULL
308,envidoo,NULL,Independent,0,NULL,0,54610705994878976,429,2014-05-26 15:15:31,success,10214105835,NULL
309,climateaccess,NULL,Researcher,0,NULL,0,423575563102859264,2661,2014-05-26 14:43:30,success,126759013814763522,NULL
310,globalwarmtees,NULL,Independent,0,NULL,0,423560184938520576,2882,2014-05-26 14:38:32,success,183275300258455552,NULL
311,RandyO_HeadDodo,NULL,Independent,0,NULL,0,274563955937140736,700,2014-05-26 15:15:52,success,100989269727916032,NULL
312,ClimDevJournal,NULL,News,0,NULL,0,423771973521772544,1435,2014-06-02 14:06:51,success,169454441894920192,NULL
313,ClimateHotNews,NULL,News,0,NULL,0,423771849055797248,13983,2014-05-26 14:54:39,success,355441719245938690,NULL
314,climatepolitics,NULL,Political,0,NULL,0,387882527324520448,729,2014-05-26 14:00:01,success,10018909909,NULL
315,ClimateHaiku,NULL,Blog,0,NULL,0,11052430844,401,2014-06-02 11:11:57,success,11052430844,NULL
316,ClimateMadness,NULL,Skeptic,0,NULL,0,423663954355683328,4217,2014-05-26 14:31:22,success,100477855267438592,NULL
317,talkingclimates,NULL,Independent,0,NULL,0,421646490029658112,154,2014-05-26 14:58:49,success,162476239779672065,NULL
318,cgiarclimate_EA,NULL,Researcher,0,NULL,0,423772921023455232,4640,2014-06-02 12:16:28,success,250623356242653184,NULL
319,cooler_heads,NULL,Independent,0,NULL,0,422770134684798976,800,2014-06-02 11:12:17,success,10031928874,NULL
320,CampCymru09,NULL,Independent,0,NULL,0,21413333615,331,2014-05-26 14:52:46,success,10322501439,NULL
321,ClimateRescue,NULL,Independent,0,NULL,0,25421759627,431,2014-06-02 11:12:20,success,1039332194,NULL
322,climate_diplo,NULL,Political,0,NULL,0,409744729622851584,1998,2014-06-02 12:20:02,success,10008066204372992,NULL
323,YouthOnClimate,NULL,Independent,0,NULL,0,308955947613691904,3228,2014-06-02 11:18:28,success,133495803590352896,NULL
324,EINWarming,NULL,News,0,NULL,0,423757642473811969,10732,2014-06-02 13:39:25,success,321050541042065408,NULL
325,climatebloggers,NULL,Blog,0,NULL,0,422215895436378112,2800,2014-06-02 13:26:16,success,100216704478609408,NULL
326,FutureWeather,NULL,Independent,0,NULL,0,421717147724042240,1790,2014-06-02 14:02:57,success,100634359849160704,NULL
327,GregDunham75,NULL,Independent,0,NULL,0,423687249486569472,10032,2014-05-26 13:32:50,success,393079603725475840,NULL
328,GlobalClimate,NULL,Political,0,NULL,0,75579499269464064,793,2014-06-02 12:06:04,success,10021820659,NULL
329,isnocause4glee,NULL,Skeptic,0,NULL,0,320570869837598722,83,2014-06-02 12:10:40,success,116185442193383424,NULL
330,climateinteract,NULL,Blog,0,NULL,0,423522058212216833,1514,2014-05-26 14:11:28,success,10366049811701761,NULL
331,ClimateHoax,NULL,Skeptic,0,NULL,0,16605995115487232,247,2014-06-02 12:26:34,success,14440610063,NULL
332,fight_global_W,NULL,Independent,0,NULL,0,371925759822028800,393,2014-06-02 12:34:21,success,100051246211284993,NULL
333,ClimateParl,NULL,Independent,0,NULL,0,423496351197196288,4109,2014-06-02 12:13:52,success,103846291561385984,NULL
334,onglobalwarming,NULL,News,0,NULL,0,419211112253378560,979,2014-06-02 13:51:05,success,10049787898363904,NULL
335,IPCC_CH,NULL,Political,0,NULL,0,412973749143486465,512,2014-06-02 12:35:52,success,126637130553372672,NULL
336,carbonbrief,NULL,Blog,0,NULL,0,423752444401569792,5770,2014-06-02 12:08:46,success,362534515962421249,NULL
337,globalwarming,NULL,News,0,NULL,0,420280320538079232,887,2014-05-26 13:36:24,success,1001031446,NULL
338,climatechange,NULL,Blog,0,NULL,0,295640335009320960,1621,2014-06-02 11:37:32,success,1025867870,NULL
339,CBI_CC,NULL,Independent,0,NULL,0,423778701135077376,1802,2014-05-26 14:55:17,success,100931542951526401,NULL
343,WWF_Climate,NULL,Political,0,NULL,0,NULL,0,2014-06-02 12:37:36,success,NULL,NULL
345,Ed_Miliband,NULL,Political,0,NULL,0,423408835533893632,3005,2014-05-26 15:24:04,check please,100672810757783552,NULL
347,carolinelucas,NULL,Political,0,NULL,0,423723678703300608,8110,2014-06-02 13:16:19,success,214494487408422913,NULL
348,EPAgov,NULL,Political,0,NULL,0,408710573614854145,3,2014-06-02 11:08:36,success,357934740990468097,NULL
351,digg_enviro,NULL,Independent,0,NULL,0,NULL,0,2014-06-02 12:48:29,success,NULL,NULL
353,revkin,NULL,Independent,0,NULL,0,423606021329014784,6701,2014-05-26 13:51:12,success,342258676414947328,NULL
354,TheClimateDesk,NULL,Blog,0,NULL,0,155460778881843200,2,2014-06-02 13:11:06,success,155460778881843200,NULL
362,PollyHiggins,NULL,Independent,0,NULL,0,413725229198757888,986,2014-06-02 13:50:20,success,100503555848413184,NULL
363,frannyarmstrong,NULL,Independent,0,NULL,0,417616623588347904,799,2014-05-26 13:26:21,success,100954993246478336,NULL
369,planestupid,NULL,Independent,0,NULL,0,421331004549132289,752,2014-05-26 14:49:11,success,100142154646695937,NULL
370,OneClimate,NULL,News,0,NULL,0,324893600481685505,2,2014-06-02 13:30:57,success,324893600481685505,NULL
371,Climatecamp,NULL,Blog,0,NULL,0,423508091964248064,1596,2014-06-02 12:48:09,success,100136262278721536,NULL
378,GoodGuide,NULL,Blog,0,NULL,0,399597561876840448,1991,2014-05-26 13:53:40,success,100598539301822464,NULL
379,CTC_cyclists,NULL,Independent,0,NULL,0,423540979564417025,5087,2014-05-26 14:53:02,success,230698837029834752,NULL
382,TyndallCentre,NULL,Political,0,NULL,0,423454125637238784,2197,2014-05-26 14:17:43,success,10345954083344384,NULL
385,Arcticsurvey,NULL,Independent,0,NULL,0,155710855223320576,444,2014-06-02 13:39:40,success,101363796068663296,NULL
386,UNEPandYou,NULL,Political,0,NULL,0,NULL,0,2014-06-02 13:38:39,success,NULL,NULL
388,hopenhagen,NULL,Independent,0,NULL,0,132555487060303873,424,2014-05-26 13:35:14,success,10031737518161920,NULL
389,BraveNewClimate,NULL,Environmentalist,0,NULL,0,423627435888742402,5022,2014-06-02 12:16:34,success,179089207317377025,NULL
390,ClimateChangeFx,NULL,Blog,0,NULL,0,382913956991340544,542,2014-05-26 13:37:58,success,10470453320,NULL
391,jamesdelingpole,NULL,Blog,0,NULL,0,423517938214506496,6678,2014-06-02 12:36:57,success,349811347355222017,NULL
392,ClimateRealists,NULL,Skeptic,0,NULL,0,423739250941911040,10620,2014-05-26 14:22:24,success,365172732981686272,NULL
393,InhofePress,NULL,News,0,NULL,0,423494808460484609,3824,2014-06-02 13:19:43,success,101081856123994112,NULL
493,NOAAClimate,NULL,Political,0,NULL,0,423504528529305600,810,2014-06-02 12:15:36,success,222722633815429121,NULL
498,NASA,NULL,Political,0,NULL,0,423772889100210177,9733,2014-05-26 13:58:23,success,420902364280008704,NULL
499,NOAA,NULL,Political,0,NULL,0,423525554802135040,3243,2014-05-26 15:11:46,success,200285487041228800,NULL
501,CICERO_klima,NULL,Researcher,0,NULL,0,NULL,9689,2014-05-26 13:48:45,success,420492898497359873,NULL
502,WCRP_Cordex,NULL,Researcher,0,NULL,0,NULL,483,2014-06-02 11:49:12,success,NULL,NULL
504,secgen,NULL,Political,0,NULL,0,99494876785291264,6000,2014-06-02 14:04:08,success,NULL,NULL
505,UNGeneva,NULL,Political,0,NULL,0,423739999016595456,3429,2014-05-26 14:03:51,success,362196290932715520,NULL
507,unredd,NULL,Political,0,NULL,0,99445333561577473,1278,2014-05-26 13:31:44,success,101583298307964928,NULL
508,CambridgeUP_NY,NULL,News,0,NULL,0,9977936038,7797,2014-06-02 12:26:14,success,NULL,NULL
509,CambUP_earthsci,NULL,News,0,NULL,0,NULL,3033,2014-06-02 11:31:32,success,421404185113141249,NULL
510,enbclimate,NULL,Independent,0,NULL,0,86806758722502656,3600,2014-06-02 11:07:10,success,144052791332175873,NULL
511,SustDev,NULL,Blog,0,NULL,0,423177011734269952,3536,2014-06-02 11:31:26,success,100657920580136960,NULL
512,RGS_IBG,NULL,Political,0,NULL,0,99070758084546560,5991,2014-06-02 11:34:34,success,NULL,NULL
513,climasphere,NULL,Blog,0,NULL,0,423628660008947713,712,2014-05-26 15:10:33,success,378332237244416001,NULL
514,ASCOA,NULL,Independent,0,NULL,0,423596723320008704,6442,2014-06-02 11:12:32,success,321259634423894016,NULL
515,GuignardPH,NULL,Independent,0,NULL,0,423582501785706496,469,2014-06-02 11:16:05,success,182958931537170432,NULL
516,EnergyFactCheck,NULL,Blog,0,NULL,0,423496665924792322,6282,2014-06-02 12:56:57,success,420319012547854336,NULL
517,johnffarrell,NULL,Political,0,NULL,0,NULL,7188,2014-05-26 13:45:57,success,420227979650682880,NULL
518,MindyLubber,NULL,Political,0,NULL,0,422823410956124160,283,2014-06-02 14:01:44,success,175302616908181504,NULL
519,perucop20,NULL,Political,0,NULL,0,419127434295148544,146,2014-05-26 13:25:56,success,NULL,NULL
520,MSchroeren,NULL,Independent,0,NULL,0,99777743973126144,9585,2014-06-02 13:07:46,success,NULL,NULL
521,AAR0NPickering,NULL,Blogger,0,NULL,0,NULL,132,2014-05-26 14:56:31,success,422758237574672385,NULL
522,Lagarde,NULL,Political,0,NULL,0,97056426643566592,927,2014-06-02 13:14:20,success,106405046454984704,NULL
523,CeresNews,NULL,News,0,NULL,0,423580818486099968,2800,2014-06-02 11:43:38,success,10011793061580800,NULL
524,WIPO,NULL,Researcher,0,NULL,0,423551547449290753,2402,2014-05-26 14:53:28,success,182119196329648128,NULL
525,ECFTim,NULL,Political,0,NULL,0,NULL,828,2014-05-26 14:53:20,success,422772794871410688,NULL
526,AbydKarmali1967,NULL,Blogger,0,NULL,0,423573968290082816,1962,2014-05-26 14:27:26,success,421431472424513536,NULL
528,giovanagirardi,NULL,News,0,NULL,0,99554361486753792,995,2014-05-26 13:23:30,active,100646082404548609,NULL
529,josebove,NULL,Independent,0,NULL,0,NULL,2491,2014-05-26 14:59:45,success,422693016370184192,NULL
530,UNFCCCDocuments,NULL,Political,0,NULL,0,NULL,483,2014-05-26 14:59:35,success,NULL,NULL
531,BloombergCities,NULL,Independent,0,NULL,0,423765436661235712,967,2014-05-26 15:06:20,success,396207689812172800,NULL
532,greenlogical,NULL,Political,0,NULL,0,423164117390594048,232,2014-05-26 13:33:33,success,423164117390594048,NULL
533,ipcc_news,NULL,Political,0,NULL,0,423464604077801472,213,2014-06-02 12:30:00,success,374854625850974209,NULL
534,ghgprotocol,NULL,Researcher,0,NULL,0,NULL,654,2014-05-26 13:58:22,success,NULL,NULL
535,ghginstitute,NULL,Researcher,0,NULL,0,423171908658425856,409,2014-05-26 14:15:20,success,10591228380,NULL
536,GHG_,NULL,Researcher,0,NULL,0,NULL,81,2014-06-02 11:13:59,success,NULL,NULL
537,sierraclub,NULL,Independent,0,NULL,0,NULL,9747,2014-05-26 15:01:54,success,420239705956184064,NULL
538,danmiller999,NULL,Blog,0,NULL,0,NULL,534,2014-06-02 13:32:59,success,NULL,NULL
539,CarbonBubble,NULL,Independent,0,NULL,0,98400659606487041,1985,2014-05-26 14:07:18,success,100543155023261696,NULL
540,pilitaclark,NULL,News,0,NULL,0,419060857402716160,210,2014-06-02 13:31:30,success,10817594376,NULL
541,IEA,NULL,Political,0,NULL,0,NULL,9762,2014-05-26 14:15:27,success,420600787715112961,NULL
542,JunkScience,NULL,Skeptic,0,NULL,0,NULL,9738,2014-06-02 12:34:20,success,421321545621843969,NULL
543,CatoMichaels,NULL,Environmentalist,0,NULL,0,423123613735084032,408,2014-06-02 12:07:12,success,423123613735084032,NULL
544,CoalNewsBlog,NULL,News,0,NULL,0,423718428596523008,3459,2014-05-26 14:48:54,success,366925789951836161,NULL
545,CleanAirPolicy,NULL,Political,0,NULL,0,9992510092877824,2400,2014-05-26 13:51:43,success,11036570042,NULL
546,PotomacRiver,NULL,Political,0,NULL,0,413062212232572928,3239,2014-05-26 15:03:02,success,208588006913875970,NULL
547,indiaghgp,NULL,Independent,0,NULL,0,423146366890553344,38,2014-06-02 12:40:10,success,421650524446814208,NULL
548,qz,NULL,News,0,NULL,0,NULL,9729,2014-06-02 11:48:38,success,420268459344138240,NULL
549,Greenversations,NULL,Independent,0,NULL,0,423469797171412993,2600,2014-05-26 14:52:12,success,100635602327834624,NULL
550,ENERGY,NULL,Political,0,NULL,0,NULL,9747,2014-05-26 14:02:23,success,422759222334746624,NULL
552,newscientist,NULL,News,0,NULL,0,423711975970197504,3661,2014-06-02 13:23:37,success,306817161559683072,NULL
553,ESRC,NULL,Political,0,NULL,0,423763031274061824,6686,2014-06-02 13:59:43,success,299861911372197890,NULL
554,lwec_uk,NULL,Independent,0,NULL,0,NULL,2355,2014-06-02 13:36:28,success,NULL,NULL
555,CCCEP,NULL,Political,0,NULL,0,423170276281819136,1146,2014-06-02 13:33:59,success,101690250841161730,NULL
556,RealClimate,NULL,News,0,NULL,0,99240900454129664,768,2014-05-26 14:52:59,success,10000467449,NULL
557,UNFCCCwebcast,NULL,Political,0,NULL,0,81798860732776448,6600,2014-06-02 11:35:02,success,NULL,NULL
563,PRI_news,NULL,News,0,NULL,0,423755306787954688,866,2014-05-26 13:40:52,success,422770314700152832,NULL
564,ClimateCoLab,NULL,Researcher,0,NULL,0,423559131543633920,3246,2014-06-02 11:53:04,success,237595856147210240,NULL
